message,true_label,prediction,elapsed_seconds
Life has no second edition to correct it later. It has only one edition which should be the best so be careful while writing every page.,spam,ham,5.741021633148193
Salami Afusat 00XXXXXX33Gtb,ham,spam,2.2432737350463867
Did you know that employers only spend 6 seconds scanning through CVs? Make the most of it! To receive daily job search tips from SHORTLIST,spam,spam,2.437866687774658
The bus comes to Monroeville and u can call me once u get to Monroeville and I will tell u where to get off the bus,ham,ham,2.3957011699676514
Come.See.Experience..Acquire! Share the fun & gains @ the Convocation Research & Agric. Fair @ 10am 2day. Venue: Ceremonial Building. Don't be told. Be there.,ham,spam,2.4194881916046143
On your main balance,spam,spam,2.4129958152770996
Morning sir. Ao is the family and work over there? Can u kindly send me Dr. Ezobo's number I want to find out about his structure at isolu.,ham,spam,2.4074997901916504
B4 pple Begin 2 circul8 pirates,ham,spam,2.4026577472686768
Tnks plant t.v,ham,ham,2.371359348297119
Wow! Airtel has given you 5mins FREE Airtel to Airtel credit to call your friends & loved ones this week. Hurry start calling. Call 141 now for mor,ham,spam,2.423917770385742
As u step in2 anoda yr of ur lif,ham,spam,2.3997879028320312
Pls am i stil seein u 2dae,ham,spam,2.3940014839172363
Av been tryin to reach u bt ur no has nt been going. Anyway guess u had a great day,ham,ham,2.392062187194824
You too can WIN§ big in the StarTimes ExtraTime Promo by recharging through QuickTeller. Visit QuickTeller.com/Startimes .4 cars,spam,spam,2.4003610610961914
"Today is Ogunfeyitimi Keny's birthday. Reply to post on his Timeline or reply 1 to post ""Happy Birthday!"".",spam,spam,2.3998844623565674
Transfer 080XXXXX76 90 1414,spam,spam,2.3954131603240967
08068378310-Hilton hotel,ham,spam,2.3803961277008057
You have used up your Monthly Internet Plan.Browsing now costs 5k per kb.Auto renewal applies at validity.Text help to 229 for more info,ham,spam,2.4375016689300537
Really,ham,ham,2.3759524822235107
Tell prof or the assistant what u learnt from the orientation too. I am just at my appointment. May not be done until about 3:30,ham,ham,2.399367094039917
Dear Customer you recharged 100.00 naira and you have been rewarded with 50.00 naira for national calls,ham,spam,2.422335386276245
Wake-Keep for Dr. OLOKODE  5pm today at Freeman Methodist Church,ham,spam,2.3937456607818604
I'm in church ma.,ham,ham,2.3621480464935303
Today is World Health Day. Learn more about how to protect yourself from Vector- borne diseases. Dial *700*5# & follow the prompts. Starts at N10/day,spam,spam,2.4404044151306152
You need to come now if u are going to church with us,ham,ham,2.3763866424560547
8.13E+14,ham,spam,2.3987338542938232
Acct: ******1736Amt: NGN100.00 DrDesc: Airtime Purchase-USSD-101CT0000000000003948463¿USSDAvail Bal: NGN67,ham,spam,2.413645029067993
If you are in need of more creative,spam,spam,2.391592025756836
Chelsea's new signing Christian Atsu will benefit from his season-long loan to Dutch side Vitesse,spam,ham,2.3842339515686035
Thanks alot for today. God bless u much,ham,ham,2.3839194774627686
Medical: Sudden intense pain on either side of your body may be caused by Kidney stones. Don't panic! Take plenty of water,spam,ham,2.4095587730407715
"Today is Olajide Folasade Janet's birthday. Reply to post on her Timeline or reply 1 to post ""Happy Birthday!"".",spam,spam,2.4083778858184814
Do not love the one who is beautiful for the world but love the one who makes your world beautiful.,spam,ham,2.391584873199463
AlertZAcct:200**001DT:7/25/2014:8:42 PMMC Loc ATM Wdl-70578525    --UNAAB UNAAB MFB DR Amt:3,ham,spam,2.4277801513671875
I want a domain.  Www.promaq.com  please help me check the availability so I can send the cash.,ham,spam,2.4038188457489014
What matters is to live in the present,spam,ham,2.3681788444519043
Dear Mr. ONYEKA,ham,spam,2.4056906700134277
01XXXXXX69 david blessing onyero.gtb,ham,spam,2.3909733295440674
Infomania (noun): The compulsive desire to check or accumulate news & information. Txt VOCAB to 700 to learn more fun words @N50/Wk. Txt STOP to 33111 to OptOut,spam,spam,2.428957223892212
Hello team! I will coord. Folake will teach ns-3 supported by Tosin; i teach Matlab rudiments supported by all. Biodun & Princewill will demonstrate data analysis using their project. Pls see later today for briefing. Thx & God is blessing you.,ham,ham,2.399130344390869
Good day Sir/Ma,ham,ham,2.3654284477233887
Happy birthday to you sir. God bless your days and keep you long for us sir. Wale.,ham,ham,2.4004979133605957
Can we stop by at giant eagle for the connect card on our way home??,ham,ham,2.398583173751831
Dis is folashade.let's make it 6pm.and pls let's meet at d front of d library cos Ill b waiting 4 u der.i'm sorry.call me wen u get der.God bless,ham,spam,2.416992664337158
PUNCH NEWSTHURSDAY,spam,spam,2.389801502227783
AlertZAcct:200**001DT:8/8/2014:2:56 PMPOS Intl- GOOGLE *WhatsApp - 49D3ABDR Amt:161.62Br:Head OfficeBal:13,ham,spam,2.412682056427002
30XXXXXX10 Ayandiran Bolanle Khadijat(first bank),ham,spam,2.3910622596740723
Good day senior Friend,ham,spam,2.398923873901367
help,spam,ham,2.376472234725952
Ameen. Many thanx.,ham,ham,2.4134342670440674
Next time you find yourself in a hopeless situation,spam,spam,2.4030864238739014
We have N200 Airtime for use today,spam,spam,2.395660877227783
GENERAL,ham,spam,2.4037046432495117
Get the Sun Newspaper delivered to your mobile phone everyday! Text SNW to 4900 @N30 weekly.,spam,spam,2.401017665863037
It's Elclassico! Get live Updates on your phone as Barcelona takes on Real Madrid in the Copa Del Rey Cup Final. Dial *244#. Service cost N20 daily,spam,spam,2.416219472885132
Beloved workers. Trust u had a gr8 week.Dis is 2 in4m u dat d date 4 worker's retreat has bn shifted 2 11-13th Feb,ham,spam,2.4062862396240234
WIFI,spam,spam,2.374821662902832
Reg*357786055638095*,spam,spam,2.4069738388061523
Enjoy affordable internet access with 10MB daily Internet plan. Text 104 to 131 to activate for only N100 daily.,spam,spam,2.4065473079681396
A BLESD EVENIN 2U IN D NAME OF D LORD,ham,spam,2.4522783756256104
Medical: Concerned about weight gain in spite of all your efforts to manage your weight? You may have low thyroid hormonal levels. See a doctor for a test.,spam,ham,2.456986427307129
The lord shall supply all your needs according to His riches in glory by Christ Jesus. For more Prayers/Confessions from Rhapsody text  ROR to 5036,spam,spam,2.4311575889587402
Money received.Car already with the mecho with advice to exercise a little more patience just in case a good buyer may come forward,ham,spam,2.434629440307617
Relax. Tell Olamide to flash me when you get home today. I want to talk with all of you OK. Just keep been a Good girl. It's a matter of time. Love u sister,ham,spam,2.4179751873016357
P67,ham,spam,2.376753807067871
Change is not a threat its an opportunity. Transform your business today with money shop. Text YES to 5021 to subscribe. N50/wkly.Text STOP to unsubscribe,spam,spam,2.410942792892456
Secure your life from viruses & sickness,spam,spam,2.394930124282837
As the holy month of Ramadan ends,ham,spam,2.3965671062469482
Am reli down....i wll xplain tins 2 u beta 2mrw....wil cum c u in d mrn...am reli nt apy....am at a frnds place,ham,ham,2.3910956382751465
JOKE. Akpos called the president,spam,spam,2.3896119594573975
freshers alive holds today @dewot center by 4pm.pls b reminded dat those who applied 4bursary should com 4 intrview @LFC obantoko by 10am,ham,spam,2.4196159839630127
Am wishin u a very prosperous new year and welcome to 2 016 the year of uncommon reward,ham,spam,2.397815227508545
Sorry about d delay and thanks for participating in planet puzzle on planet TV....this is your airtime. 3911292876318562     3243022258718638.,ham,spam,2.412839889526367
Medical: Constipation can make stools hard,spam,ham,2.4245500564575195
9.06E+14,ham,spam,2.4451682567596436
One hurts you so that you may find someone who can heal you,spam,ham,2.412850856781006
Join us as we celebrate the union between Esther Falana and Bunmi Oluwalana on 17th May @ RCCG Olorunnisola Atitebi Bankole Str,ham,spam,2.4553794860839844
A million and one THANKS is nt enough to appreciate a beautiful Person like u. Txs 4 d luv,ham,spam,2.426506757736206
Pls call me,ham,ham,2.3778889179229736
The road to success is always under construction.You could encounter potholes and delays but you must keep your eye on the goal and keep moving.,spam,ham,2.4129931926727295
Ok. Just want to be sure that's what u want to do. Will be there at about 9:15 or so,ham,ham,2.40170955657959
Txn Id R140618.2312.210010 to recharge 90 NGN from 7087214890 is successful. New balance is 90.02 NGN,ham,spam,2.420743465423584
Missing someone you love? Send them Missing You Quotes so that they will know that you miss them. To Enjoy 5 days FREE Alerts on trial,spam,spam,2.406917095184326
Stand a chance to Win a trip to Obudu Cattle Ranch and Colouful Calabar Carnival for 6 nights. Text XMAS to 35050 at N100 only!,spam,spam,2.47487211227417
Never run out of airtime! Dial *500# to subscribe for automatic credit.,spam,spam,2.4351627826690674
Mr Solomon - 07XXXXXXX04,ham,spam,2.437854766845703
Www.thisisgarena.com www.kevronconsultingltd.com www.upgrade101online.com  www.bmb.jcifunaab.com use this ones as reference for now,spam,spam,2.4369280338287354
Acct: ******1736Amt: NGN100.00 DrDesc: Airtime Purchase-USSD-101CT0000000000005087426¿USSDAvail Bal: NGN107,ham,spam,2.419189214706421
Olabisi I had left the place when your message came in,ham,ham,2.414396047592163
Helooooo Sir.... I need the stuff nw!!!,ham,spam,2.4591071605682373
Evenin sis mi,ham,spam,2.422712564468384
I didn't say I don't love you all I said was that Am not ready and u should give me sometime since u said I Am not d person u love and u kept saying Am lying Fine you can just go,ham,ham,2.441216468811035
Gud morning. pls get d address of d hotel /or how i can get taxi to d hotel n text me wit it.,ham,ham,2.42923903465271
Acct: ******1736Amt: NGN33,ham,spam,2.396411657333374
17232759 03/09/14 22:08 Airtime Purchase 7030058860 to 8000000001 NGN 100 Fail17232755 03/09/14 22:08 Airtime Purchase 7030058860 to 8000000001 NGN 100 Fail,spam,spam,2.464721441268921
on ur way or not? it's getting dark,ham,ham,2.4033567905426025
G-312106 is your Google verification code.,spam,spam,2.4666554927825928
Ok you'll see me now try locate ecobank let's meet there,ham,spam,2.4460699558258057
Need airtime? Top up INSTANTLY with our magic code. Dial *919*Amount# to recharge your phone line. To top up for someone,spam,spam,2.3975114822387695
Www.kevronconsultingltd.com,ham,spam,2.396149158477783
Its tobi,ham,ham,2.3838369846343994
Y'ello! Your data balance is 250.33MB,spam,spam,2.4283130168914795
N100 was transferred to you from the 08068119076 on 19/07/14 07:48 via Share & Sell. Your new account balance is N120.39.,spam,spam,2.406219244003296
May this month deliver unto us all our outstanding victories.(amen). Happy new month brother,ham,ham,2.3791282176971436
Acct name: A.  ambroseAcct num: 00XXXXXX80 bank: gtb,ham,spam,2.404731273651123
Txn Id R140704.1451.220105 to recharge 45 NGN from 7087214890 is successful. New balance is 48.24 NGN,ham,spam,2.4272470474243164
Your FB notifications for Today!!  1-friend¿request,spam,spam,2.3922202587127686
"It is the season to get scriptures inspired by God. Claim 7days free of ""God's Word""",spam,spam,2.392982006072998
What Four Letter Word Begins With F And Ends With K,ham,spam,2.3845114707946777
SMART,spam,spam,2.4025120735168457
Welcome to Year Twenty Sixteen! God is walking with you. Your year shall be full of joy,ham,spam,2.4100868701934814
GOOD DAY MA. PLEASE U SHOULD NOT FORGET MY ENVELOP,ham,spam,2.394772529602051
Sorry i went to d mosque dis is jubril mtn no 0813 940 7909,ham,spam,2.4086649417877197
Name:olayiwola Oluwafolake    Bank - gtb Account No - 00XXXXXX36,ham,spam,2.402003049850464
You transferred N50 to 08XXXXXX508 on 17/06/14 08:46. Your new account balance is N0. Thanks for using Share & Sell.,spam,spam,2.404143810272217
Acct: ******1736Amt: NGN64.00 DrDesc: SI TRANSACTION (DIFFERENT CUSTOMERS)-SMS CHARGE FOR MAY 2014Avail Bal: NGN106,ham,spam,2.400278329849243
3.33E+11,ham,spam,2.372812509536743
Good morning pls do not forget the lamp o . Thanks God bless,ham,ham,2.3864853382110596
oyegunleadedayo@yahoo.com,ham,spam,2.405576705932617
Please call me. Watch Man U vs West Brom on Sat 7 November,spam,spam,2.4050350189208984
Did u plan to see or have seen a prof Wosu on your ID?,ham,ham,2.3849709033966064
Please call me. I Love you. Watch Chelsea vs West Ham,ham,spam,2.4016385078430176
williams Frank 07xxxxxxx344...akplor kingsley 081XXXXXX61,ham,spam,2.406676769256592
9.30E+14,ham,spam,2.40195894241333
Does your number end in 9?TODAY 25/07you're chosen to participate for the 'Nigeria Centenary 100 Million Naira Mega Jackpot'!Send WIN to 35777!N100/SMS,spam,spam,2.4120399951934814
Dude,ham,ham,2.3678767681121826
Its not the strongest of species that survives,spam,ham,2.3889942169189453
Ese o. Shey e ti ka darda sha,ham,spam,2.4248528480529785
Amen and Amen. Tnx 4 ever bn there,ham,ham,2.3846216201782227
Acct: ******2491Amt: NGN200.00 DrDesc: POS-GTBank EBranch UNAAB   Ogun    OGNG STAN9999006519Avail Bal: NGN7,ham,spam,2.4235072135925293
Full Crunch: Lie on your back and raise your legs,spam,ham,2.3786327838897705
Dr adesina gave us apptmnt for 12pm in his office,ham,ham,2.386423349380493
Get the latest sports news daily ranging from football,spam,spam,2.4193689823150635
When comparing your life with others,spam,ham,2.3491463661193848
PUNCH NEWSSUNDAY,spam,spam,2.415170431137085
Y.ello Peeps!Watch the exciting MTN Project Fame 7.0 Elimination Show on Sat: NTA(5:30-6:30pm),spam,spam,2.409014940261841
A good relation does not depends on how good understanding we have,spam,ham,2.389882802963257
Are u not hungry yet?,ham,ham,2.3796660900115967
May d peace of God Almighty b wit,ham,ham,2.389612913131714
Pls bring d cooler....or bring d ewa...pls call me,ham,ham,2.4214236736297607
Each moment in a day has  its own value,ham,ham,2.402316093444824
No 10 olorunmbe Street wemabod Estate wahum bustop off Adeniyi Jones Ikeja.  Company name Skystar,ham,spam,2.3969833850860596
Your Acct 3041207489 Has Been Debited with NGN24.00 On 25-JAN-2014 05:21:56 By 27-Dec-2013 to 26-JAN-2014 SMS Alert Cha. Bal: NGN1,ham,spam,2.432060718536377
Transfer 08XXXXXX08 200 2580,ham,spam,2.38946533203125
Come to my office afta ur  class.,ham,spam,2.39961314201355
Ayo i make chichi yesterday i call to give u one bottle but u refuse to pick up ur call. thank u. I know we make agreement of not calling each other. I call to give not to disstop.,ham,spam,2.415862560272217
Watch Man Utd v Real Madrid LIVE on your mobile phone this Saturday using the ManU Club App! Text App to 5836 to download @ N50. Data charges apply. Glo!,spam,spam,2.4162368774414062
Acct: ******1736Amt: NGN60,ham,spam,2.380805492401123
You currently have an ACTIVE discount Notification. Dial *135*6# to turn this off.,spam,spam,2.3901734352111816
Yello! you have used 50% of your BB10 data plan,spam,spam,2.4031989574432373
Your Balances are BB Absolute/Complete: 1637MB till 16-Mar.,spam,spam,2.363269329071045
Colombia V Cote d'Ivoire 5PM,spam,spam,2.438870429992676
Hi dear was a morningg,ham,ham,2.3813116550445557
@CNNMoney: .@twitter's customer base is shrinking   https://t.co/flz3ibdZqO/s/1zHt https://t.co/XjJIUdzSAW/s/M_SL,spam,spam,2.4175941944122314
Hmmm...OK ooooo.extend my gritns 2 Solomon and medo,ham,spam,2.399137020111084
Yes 5th ave. It might take u abt 5mins to walk. You stay on the right side of 5th in d direction of the traffic. She will also call u,ham,ham,2.3881235122680664
Good morning sir. I'm Azeez Olatunji. CSC 400 level that missed your test when i went to kano. I'm just reminding you sir. Have a nice weekend.,ham,ham,2.3889036178588867
Name: Abiodun MscTel: 080XXXXX597Name: Abiodun Msc1Tel: 080XXXXXXX41,ham,spam,2.4160728454589844
GREAT NEWS!We celebrate Nigeria's 100 years &we give away the 'Nigeria Centenary 100 Million Naira Mega Jackpot'!Send WIN to 35777 & participate!N100/SMS,spam,spam,2.396165132522583
"Skillpolo invited you to Facebook. Learn more: http://fb.com/l/btkEH8MurM56Vm Reply ""stop"" to stop getting Facebook texts",spam,spam,2.404648542404175
Never run out of Airtime. Dial *500# to subscribe for automatic credit.,spam,spam,2.367706537246704
Please call me. 'Scape Goat remix'. by Dbanj & Kanye West is ready for download on MTN Play. Text 2 to 700 to get it for N75. MTN subscribers only,ham,spam,2.4204471111297607
Your Acct 3041207489 Has Been Credited with NGN6.64 On 01-JAN-2014 03:57:20 By 3041207489:Int.Pd:01-10-2013 to 31-12-20. Bal: NGN3,ham,spam,2.4243581295013428
Acct: ******1736Amt: NGN100.00 DrDesc: Airtime Purchase-USSD-101CT0000000000005662856¿USSDAvail Bal: NGN47,ham,spam,2.3984599113464355
The password is horpybee and seminar on Ayandiran/bola print out,ham,spam,2.382441282272339
Alright sir,ham,ham,2.367372751235962
You GET INSTANT Double on ALL YOUR Recharges of N200 and Above to call all networks in 9ja. Bonus Valid for 7 days,ham,spam,2.4211082458496094
Your request is now being processed. Please do not send another. We will send you a confirmation once completed. Thank you!,spam,ham,2.380300283432007
Kindnez is a sign of man.D most xclent act iz 2gladen d @ of doz dear 2us.We seek Allah in His infinite mercy 2blez uz wif a kind @...Stay blezd & Jum@ karim!!!,ham,spam,2.4264869689941406
Wishing u best in ur presentation. Thot i'll be there but feeling somehow,ham,ham,2.366276979446411
Acct. No: 00XXXXXX59    acctname: adejimi alaba olusesi,ham,spam,2.419755458831787
Gtbank: 0112557059,ham,spam,2.398639678955078
Please call me VIP Offer: Hot Games!N20/day! Dial *522#,ham,spam,2.4019088745117188
Your Diamond Online/Mobile user name is tosrasheed.Set up your password within 30 days on the Diamond online log in screen to prevent account deactivation,spam,spam,2.3954877853393555
Get 75% bonus plus 5MB data on every recharge to call ANY network in Nigeria. Recharge N1000,spam,spam,2.4073052406311035
I will i ve not forgoten i know it my obligation i  shall fulfill it. Many thanks,ham,ham,2.386388063430786
ke your money work for you. Want to know how Text Money Shop today and stay ahead of the pack. Text YES to 5021 to subscribe. N50/wkly.Text STOP to unsubscribe,spam,spam,2.4152586460113525
What you get by achieving your goals is not as important as what you become by achieving your goals.How u change will stay with you forever!,spam,ham,2.383244752883911
miss you,ham,ham,2.3805625438690186
Send to   opakimzokay@gmail.com,ham,spam,2.401496171951294
Are U at sango now?,ham,ham,2.405817747116089
Your Acct 304XXXX489 Has Been Debited with NGN100.00 On 23-JUN-2014 17:44:09 By ATM PURCHASE-GTBank EBranch UNAAB/Ogun/O. Bal: NGN1,ham,spam,2.4053807258605957
Letin u no dt nobody reigns in my hrt yet but u,ham,spam,2.4021377563476562
Welcome! Your INFINIX HOT X507 cannot receive any settings. Please visit our web site,spam,spam,2.402756452560425
Dis wk u said,ham,ham,2.386483669281006
Your FB notifications for Today!!  1-friend request,spam,spam,2.406424045562744
Good morning sir. Will be coming with sis kelechi and Rolly.,ham,ham,2.372516632080078
081XXXXX256,ham,spam,2.4131524562835693
AlertZAcct:200**001DT:7/31/2014:11:33 AMPOS Intl- WWW.ALIEXPRESS.COM - 165EDR Amt:375.03Br:Head OfficeBal:71.83REF:335550066,ham,spam,2.4337878227233887
Finkn of a luvly 9te lyk diz wen i wl walk u down wif ur handz in mine 2a beautiful gardern just 2ask ow did ur day went?... Hopn u ar gud? Splndid 9te rest...,ham,spam,2.4074058532714844
Txn Id R140701.2311.220091 to recharge 45 NGN from 7087214890 is successful. New balance is 45 NGN,ham,spam,2.3944854736328125
"Get ""Ari Belema"" as your Callertune. Text 3 to 4100.Tune/service Cost N50 monthly.",spam,spam,2.3910276889801025
bros today na thursday o,ham,ham,2.377338171005249
If you reach camp enter oluwokesi if you Don reach there call my number or call 080XXXXXX99,ham,spam,2.407108783721924
Pls be informd dt we re contributing 2K each to help Adejimi 4 her recent health challenges.Ds is to be paid tmrw.Thanks,ham,spam,2.397623300552368
Its hapnin ds wk. RDEMPTN WK 2014. Theme: The True SeekerWord expositn by Rev Adetuberu by3:30pm Thur Hymnal evenin 6pmFri: Nyt of Power 10pm. Be there.,ham,spam,2.4280667304992676
Start your week as a champion with prayers From RHAPSODY of Realities for just N50! To enjoy,spam,spam,2.377736806869507
"Today is Akintunde Oluyomi Ariyor's birthday. Reply to post on his Timeline or reply 1 to post ""Happy Birthday!"".",spam,spam,2.397199869155884
ATTN:MEMBERS OF ASUU-UNAAB COOPERATIVE ONLY.Kindly leave out 1pm Wed,ham,spam,2.4010324478149414
Yello  welcome to MTN! Please SAVE the setup information that will be sent shortly,spam,spam,2.380478620529175
Gmawnin...pls cm 4 Sunday skool...hapi new mth,ham,spam,2.408088207244873
0130567609 GTBank Oluwole Paul,ham,spam,2.3989694118499756
A beautiful quote-If the loser keeps his smile,spam,ham,2.3793251514434814
Ma/sir,ham,spam,2.4060468673706055
Sometimes apologizing doesnt mean that ure wrong and the other is right. It only means that u value the relationship much more than ur ego!,spam,ham,2.394805669784546
Y'ello! Your data balance is 56.23MB,spam,spam,2.393008232116699
Your Music+ plan renewal failed due to insufficient balance & entered grace period. Please recharge & Click http://mpjamz.com/?c=9 to enjoy the music expiry,spam,spam,2.4193007946014404
If i were u,ham,ham,2.373354434967041
ALL IN ONE  OFFER !Recharge with N1000 & get 1GB Data + FREE N1000 airtime to call ALL Networks. Grab the OFFER NOW.,spam,spam,2.4314818382263184
Bless God...I will call Rolly very early tomorrow to confirm but I think yes. Will keep you posted. My regards to mummy and Ola.,ham,ham,2.376566171646118
Dear BOLAJI,ham,spam,2.4118196964263916
Nollywood actress,spam,spam,2.3914244174957275
It won't be funny if u keep on telling me that u are not coming and I later see u. If that is what they asked u to do,ham,ham,2.3915321826934814
My email address is tayoadaraloye@gmail.com,ham,ham,2.3766682147979736
I've already paid 4 d stuff and...I'm sorry i CNT leave it,ham,spam,2.4257447719573975
If your number ends in 5 &you received this SMS TODAY 07/07'Centenary World Cup' chose you to participate for N 100,spam,spam,2.4079749584198
Fun talks are not the only interesting things that you can have here. Call me now :) +41799771870,spam,spam,2.409986972808838
I priced it somewhere its 6k everywhere I can give him 7 that's what I can offer,ham,spam,2.3872323036193848
Acct: ******7609Amt: NGN20.00 DrDesc: COMMISSION-USSD GTBank Transfer Commission : 07037206811Avail Bal: NGN61,ham,spam,2.4149703979492188
Catch the latest gossip,spam,spam,2.3726587295532227
You transferred N100 to 0814XXXXX98 on 06/08/14 00:16. Your new account balance is N0. Thanks for using Share & Sell.,spam,spam,2.4100210666656494
You Have Already Opted Out of This Campaign,spam,spam,2.4067928791046143
D Lord is d effort crowner,ham,spam,2.388242721557617
8065941082,ham,spam,2.385963201522827
Good evening ma,ham,ham,2.391879081726074
2 Clubs,spam,spam,2.413760185241699
Bakare sulaimon gbolahan  0907it00804,ham,spam,2.3918709754943848
Get N200 Airtime when you Call 14120 today. Hurry,spam,spam,2.3916666507720947
Paul4all247@yahoo.com,ham,spam,2.409395694732666
Hi love,ham,ham,2.3772482872009277
Morning Paul need a favour pls,ham,ham,2.402362585067749
New vacancies at Standard Chartered Bank,spam,spam,2.3939578533172607
Plan,spam,ham,2.404916524887085
081XXXXXX17 called you on 03/09/2014 at 7:57 .Recharge N200 to get N500 worth of Airtime & 5MB data weekly on Easy Starter.,spam,spam,2.4278669357299805
6.02E+11,ham,spam,2.396235942840576
Download and dance to the videos of Aye,ham,spam,2.392270565032959
43956426649,ham,spam,2.403428792953491
Wishing u not just a smile but laught,ham,spam,2.4095680713653564
Evening sir...I know u will church now. I took 71b as directed by the port authority app on my phone to church. But found myself at around highland pack. The bus driver said it should have been 71A or 7C but am on my way back. Not sure if I will still be able to make it to church.,ham,ham,2.40268874168396
Airtel club 10: User361181 : unesco has said that India and Nigeria accounted for one third of child deaths worldwide,spam,spam,2.3882124423980713
Y'ello! Your data balance is 82.83MB,spam,spam,2.385244846343994
The goal of the CV is to get you an interview. Keep it targeted/enticing!For more tips from Phillips Consulting,spam,spam,2.4079184532165527
You can be the Lucky Winner of the Centenary Mega Jackpot of 100M Naira! To Celebrate Nigeria @ 100! Text 100 to 35777 NOW. Daily prizes still up for grabs.,spam,spam,2.4133424758911133
Good evening bros.. I don't know if you can please mail me Skystar profile.  Oluwolepaul@gmail.com  thanks,ham,spam,2.3995001316070557
May God shine his face on us as we commence the second half of 2014,ham,ham,2.384312152862549
Your Padi4Life benefit of half a million naira is renewed. You have paid (0) Days this week. Fees N20/day. To opt-out text STOP to 45433.,spam,spam,2.404677391052246
00XXXXXX4 obeka adakole christian gtbank,ham,spam,2.384516954421997
Gud afternoon I just wanted to ask when  are we going to get the balance of our wages,ham,spam,2.388828992843628
4.32E+11,ham,spam,2.408376455307007
Spectacular WC football moments in history at its best as we count down to the finals of this year's tournament! Reply WC @N50/Wk. Txt STOP to 33111 to OptOut,spam,spam,2.4279351234436035
Tanks. Wish u all da v.best too,ham,ham,2.3654515743255615
FOLAKE DEAR,ham,spam,2.4017014503479004
Fear less,spam,spam,2.4011359214782715
Monitor updates on traffic,ham,ham,2.3787472248077393
Good morning dear... I couldn't come bcos of d rain dat fell yesterday evening.. I'll see u after class 2mrw.. Thanks for helping me out.. See u soon,ham,ham,2.4087142944335938
MONTHLY,spam,spam,2.3826255798339844
OFFICIAL NIGERIA CENTENARY PROMO! N100m cash + 1CAR Daily & 563 OTHER WINNERS EVERYDAY!Enter NOW! Send WIN to 35777. SMS   N100. Live Draw on NTA   8pm daily.,spam,spam,2.4384028911590576
A leader is not a person who can perform better than his people- but someone who can inspire his people to perform better than himself.,spam,ham,2.38675594329834
There is one way to reach the hearts of people and that is first by reaching our own depth.,spam,ham,2.4048938751220703
Congratulations! Kanu has sellected your number to get a free subscription for a week to his service! Send KANU to 38255 & increase your possibilities to more!,spam,spam,2.392367362976074
Do you know you can get N1,ham,spam,2.394883155822754
Text to 229: 'SMART' for smartphone plans; 'MONTHLY' for monthly plans; 'MOBILE' for daily & weekly plans; 'fb' for facebook plans; 'OM' for Opera Mini plans,spam,spam,2.408135414123535
Yello! Do you know with N2015,spam,spam,2.388688802719116
Will soon be leaving now...which bus stop is closest to church,ham,ham,2.3903489112854004
1.Ivory Coast's Gbagbo to be tried at Hague for election violence 2.Iran deploys forces to fight insurgents in Iraq as U.S rule out putting troops back on the ground,spam,spam,2.4167609214782715
AIRTEL CLUB 10: User3061696 :  GODISABLE 2protect u & guard u 4rm ur enemies.believe in jesus and he will deliver you,spam,spam,2.417534112930298
Your Acct 304XXXX489 Has Been Debited with NGN1,ham,spam,2.3812549114227295
First Bank Panseke Branch is giving Naira Credit Card and Personal Loan Against Salary between 12 and 48 months.Call Francis 08062454742 OR Jumoke 08062124053.,ham,spam,2.4051685333251953
Acct Number-3065456289,ham,spam,2.4088757038116455
You mean a lot to me Angel. I can't hide my feeling for loving u.,ham,ham,2.3658618927001953
Oni Oluwatoyin Florence...01XXXXXX3. Happy new month.,ham,spam,2.4210410118103027
Hello Fola have tried ur nba but it's not responding. Happy new month.,ham,spam,2.3950228691101074
Come to the Bishopcourt in parakin. I suppose,ham,spam,2.4099652767181396
Dr. Oluwatope has directd dt it is compulsory 4evrybody 2com and demonstrat d project in his office on DE-2 Board unfailingly 12PM Thur 03-07-14 for grading.,ham,spam,2.3975229263305664
Dear Glo subscriber,spam,spam,2.362569808959961
Marouane Fellaini will bring something different to Manchester United this season,spam,ham,2.4187662601470947
God and Man shall favour you before the end of this year.If you believe and For more prayers.Text AMEN,spam,spam,2.4041330814361572
I am in the Pg Seminar Room,ham,ham,2.3683061599731445
Recharge Now to get 50% extra airtime when you recharge upto N100 this week(Mon to Sun). Bonus for calls to Airtel Nos.,ham,spam,2.4090607166290283
As we celebrate d birth of our lord jesus christ,ham,spam,2.405904531478882
For tips on how to enhance your prayer life,spam,ham,2.374671459197998
Y'ello,spam,ham,2.396355628967285
Acct: ******7609Amt: NGN1,ham,spam,2.429598569869995
You better live ur best and act ur best and think ur best today,spam,ham,2.3780503273010254
FUN/HOS/FIN/20132014/1/47890,ham,spam,2.4213080406188965
CONGRATS ! Your 200% BONUS account credited with N75.00 valid till 22/02/2016.To check bonus dial #122*2#.,spam,spam,2.3982458114624023
WhatsApp code 574-309,ham,spam,2.3970274925231934
Gud morng,ham,ham,2.373281240463257
Request processing.Please await confirmationvia SMS or dial *228# for data balance.Chat with Whatsapp,spam,spam,2.4240517616271973
Here is my no 07XXXXXX808,ham,spam,2.4001359939575195
EPL Week 2  Get Manchester Utd news & goal alerts as it happens.Text MU to 38400 & get 5Days free.Service will auto-renew   N50/5days.,spam,spam,2.40779447555542
Your Acct 304XXXX489 Has Been Debited with NGN3,ham,spam,2.396615505218506
Dear FUNAABites,ham,spam,2.3946011066436768
"Extension of subscription! 7 Health Wellness tips will be yours at a cost of N100! Bonus tip: ""Scrabble game stimulates the mind"". For details text INFO to 7804",spam,spam,2.415522813796997
fine ma,ham,ham,2.375164747238159
"Today is Seyi Odusanya's birthday. Reply to post on his Timeline or reply 1 to post ""Happy Birthday!"".",spam,spam,2.3881773948669434
Enjoy 1 month Free Life & Accident insurance cover worth N100,spam,spam,2.4134175777435303
Y'ello! Text STATE OF ORIGIN LGA. Choose .,spam,spam,2.393122673034668
dear all i wish to appreciate everyone that participated in the successful conduction of csc 211 test yesterday thanks.  kindly collect csc 211 scripts for further processing thanks. Dr arogundade,ham,spam,2.408569574356079
Jesus where did he faint even me am scared now,ham,spam,2.390031576156616
Get your callers dancing to 1 Free Ring Back Tune for 30days. Text 2 to 251 for Aye by Davido or text 17 to 251 for Gallardo by Runtown ft Davido. Hurry Now!,spam,spam,2.411248207092285
E se jare ore mi. Ehn,ham,ham,2.387768268585205
Pls be informed dt PT defense comes up on Wed.,ham,spam,2.4078028202056885
Morning Mrs ogunsha,ham,ham,2.383087635040283
Yello! Subscribe and listen to Daily sermons from Bishop Benson Oritsejolomisan on MTN Subscription Devotional Service ¿ N100 per momth. Dial 450118(TOLLFREE),spam,spam,2.408339738845825
When things dont go right,spam,ham,2.3801190853118896
Experience convenience! Use GTBank 1-Click Airtime topup from your GTBank account from your registered phone number. Simply dial *737*AMOUNT# e.g. *737*1000#,ham,spam,2.4275288581848145
As a single footstep will not make a path on the earth,spam,ham,2.3856494426727295
Many thanks,ham,ham,2.375857353210449
081XXXXX63- Ola Diamond,ham,spam,2.4177541732788086
Please send me credit. Get 100% bonus when you recharge with *885*RechargePin# on SmoothTalk and Trutalk. Bonus expires daily @ 11:59pm.,ham,spam,2.424518346786499
Get Aye by Davido FREE for 30 days. To get this tune,spam,spam,2.3960070610046387
Twin sister,ham,ham,2.3621530532836914
Okay,ham,ham,2.4074244499206543
My Oga..missed ur call in the morning was in church. am going to the US tomorrow. Just wanted to say Hi. Eku ipalemo conference. My regards to Aunty and ibeji's,ham,ham,2.4059247970581055
How Nigerian are you? Prove it! Answer 3 Questions correctly & be rewarded with DSTV Walka7s & more. Text GOL to 5030 T&Cs apply and stop to unsubcribe,spam,spam,2.414632797241211
Can't talk now. Call me later please!,ham,ham,2.3801357746124268
Mr paul gud mornin,ham,ham,2.3972666263580322
Network Is Bad So I Cant Chat For Now.,ham,ham,2.382866144180298
Get Daily News Alert Delivered to Your Mobile Phone.Text News to 35241.Cost N100 /30days,spam,spam,2.4143457412719727
Dear Customer you recharged 1000.00 naira and you have been rewarded with 1000.00 naira for national calls.For recharging this week,ham,spam,2.405397891998291
Name: My New gtb NoTel: 00XXXXXX36,ham,spam,2.3986711502075195
scratching ears shows lack of confidence,spam,ham,2.364774703979492
Support 9ija at the WorldCup,spam,spam,2.4329304695129395
Taking a walk can prove very beneficial during stressful times at work or after having had a heated debate,spam,ham,2.3818411827087402
Hope you're enjoying SMS Chat. Your subscription will be renewed in 24 hrs @ N50/wk,spam,spam,2.428632974624634
Goodmorning Mum pls I need your assistance want to complete d fees of my house rent paid 20 earlier remaining 10.. Mum pls help in any lil way you can d landlord given me a deadline of this week. Pls mum.,ham,spam,2.390162229537964
Y'ello! You have received 125MB extra data in the MTN Data Delight offer,spam,spam,2.3943350315093994
Acct: ******1736Amt: NGN200.00 DrDesc: Airtime Purchase-USSD-101CT0000000000004838387¿USSDAvail Bal: NGN118,ham,spam,2.424976348876953
200.00NGN has been credited. Main Bal:N 202.67. Enjoy 9K/s on Bounce2Bounce,spam,spam,2.469679117202759
A race horse that consistently runs just 1 sec faster than the others is worth millions of dollars more.Never compromise on second position.,spam,spam,2.476876735687256
80XXXXXXX47,ham,spam,2.4267067909240723
Winners campus fellowship holds this wednesday at dewot event center by 4pm .pls come with a friend and worship with us and u will be richly blessed.,ham,spam,2.4144158363342285
Your N250 Get N750  bundle balance is 488.40 Naira. Bundle expires on 08/12/2015 08:15 AM.,spam,spam,2.39724063873291
Please call me. Enjoy NON-STOP chatting on WhatsApp,spam,spam,2.3782236576080322
Y'ello! Get FREE 200% airtime to call MTN2MTN when you recharge upto N750.Hurry & recharge before 11:59pm 9th April,spam,spam,2.4153285026550293
Morning. Am on it. Thks,ham,ham,2.3681719303131104
Seen before 4 I'll send it I'll call you when I do,ham,spam,2.4084348678588867
The remarkable thing about fearing God is that when you fear God you fear nothing else,spam,ham,2.382051706314087
8262 2126 4511 5873,ham,spam,2.417280435562134
Your Balances are BB Absolute/Complete: 1637MB till 16-Mar. BB Plan: 29MB till 24-Feb. BB Plan: 10MB till 24-Feb.,spam,spam,2.3941967487335205
Thank you Sir. Uncle Kelly said u were coming yesterday and gave me some cheques for u. So I was expecting you.,ham,ham,2.393117904663086
To login goto www.brightaviationng.com/cpanel   username:brightav  password:Sg563Bf2vh,ham,spam,2.351684093475342
Have you registered for your FREE life insurance and hospital cash today? Simply dial *259# to register. Recharge up to N5000 monthly to qualify.,ham,spam,2.4071340560913086
Fulfilling the ambition could mean taking the risk. Be brave as fortune favours the brave. Just stand up and take action.,spam,ham,2.388371467590332
What is in the vicinity of our minds r the negative situations surrounding us,spam,ham,2.417680025100708
you are right brother... how is all am on my from lokoja ..i call when i get home,ham,ham,2.4000542163848877
Hellow sir,ham,ham,2.3849575519561768
Happiness is when what you think,spam,ham,2.397547960281372
Name: Erioluwa MscTel: 080XXXXXX25Name: Erioluwa Msc1Tel: 070XXXXXX14,ham,spam,2.412473440170288
.Enjoy 100%extra data between 1AM &5AM for 7days.Text ON to 229 @N100.,ham,spam,2.4347095489501953
M at under bridge,ham,spam,2.3936891555786133
Please call me. Watch Man City vs Norwich,spam,spam,2.4114654064178467
Dpompin09@yahoo.co.uk,ham,spam,2.3904550075531006
"Lola newton, this is it +2346XXXXXXX54 tony",ham,spam,2.3923721313476562
1.Egypt criminalises sexual harassment 2.Hillary Clinton explores possibility of a 2016 run for U.S president 3.Search for missing flight MH370 to be privatized,spam,spam,2.4278504848480225
Thanks for ur advice and thanks always be there for me.Am so grateful sir.,ham,ham,2.378596067428589
From tobi blessing's frd,ham,spam,2.4023964405059814
Eventually,ham,ham,2.370412588119507
Get live action and match highlights from Brazil,ham,spam,2.385385274887085
How are u moving today? if u are going to Pit,ham,ham,2.393866777420044
Don't worry pls find out for me,ham,ham,2.3959009647369385
Strength does not come from winning.Your struggles develop your strengths.When you go through hardships and decide not to surrender that is strength.,spam,ham,2.4079012870788574
?~Tip For Lifetime~  Try to pretend that,ham,spam,2.399631977081299
Welcome to 10MB 1-Day Mobile Data plan,spam,spam,2.3948357105255127
Pls pay 14,ham,spam,2.4155256748199463
Eecli 4 verse 9-6,ham,spam,2.431041717529297
AlertZAcct:200**001DT:7/31/2014:12:00 AMMC Int Web Prch-000000008702--WWW.ADR Amt:287.54Br:Sango OtaBal:19,ham,spam,2.418806552886963
BRING UR FLASH TO SCHOOL TOMOROW. DR ODULATE,ham,spam,2.3723185062408447
One of the best ways to educate heart is to look at interaction,spam,ham,2.3828179836273193
Download without any limits! Games,spam,spam,2.4171457290649414
Amen thanks. Hope ull come around?,ham,ham,2.3809640407562256
Oluikpe4real@yahoo.com,ham,spam,2.417227029800415
Your Google verification code is 512943,spam,spam,2.393338203430176
Stand out to grasp the second half of the year.Joy unequalled never ending is your portion.Welcome to June.Ps.30:5,ham,spam,2.4079489707946777
Get latest football news from SuperSport. Text SSW to 4900 for 7 days free,spam,spam,2.406442403793335
Pls 4 d sake of Allah,ham,spam,2.8300130367279053
Yello.. Subscribe and listen to Daily sermons from Bishop Benson Oritsejolomisan on MTN Subscription Devotional Service ¿ N100 per month. Dial 450118(TOLLFREE),spam,spam,2.3931312561035156
It was deliberate... I don't use it much in the lab. I use the PC there. One because internet access is on it. And secondly my PC usually hangs when I run MATLAB on it cos of the large volume of data. And that is the main tool I work in the lab,ham,ham,2.3751912117004395
Acct: ******1736Amt: NGN37,ham,spam,2.3904826641082764
D typ of ur previous laptop dey. 40k hoc,ham,spam,2.3774988651275635
Ahhhhhhh,ham,ham,2.376405715942383
Free Free!!! Get the latest gossips & hot news in the world of Hollywood stars on your mobile!! SMS HNP to 38567 for 7 days FREE trial!!Hurry limited offer!!,spam,spam,2.459066867828369
Eopeyemi@alientechltd.us password:opeyemi2015,ham,spam,2.384026050567627
Name: Dr Ogini OsogboTel: 08XXXXXXX24,ham,spam,2.4012017250061035
Y'ello! Get to know more about Nigeria's history this Democracy Day. Simply text NHISTORY to 700 for Nigeria History. Service costs N50 weekly,spam,spam,2.406968355178833
TUNDE NO FOR NOW +234 81XXXXXXX87,ham,spam,2.389724016189575
070XXXXXXX90 has been honoured with the chance to receive today's Great Quotes & a surprise FREE gift! Congrats! To get it,spam,spam,2.403995990753174
A praya 2bless ur way,ham,spam,2.3917932510375977
Acct: ******1736Amt: NGN100.00 DrDesc: Airtime Purchase-USSD-101CT0000000000003738006¿USSDAvail Bal: NGN95,ham,spam,2.4183053970336914
Tp12/13/h/1183,ham,spam,2.399778366088867
Does your number end in 2?TODAY 27/07you're chosen to participate for the 'Nigeria Centenary 100 Million Naira Mega Jackpot'!Send WIN to 35777!N100/SMS,spam,spam,2.4720728397369385
Pls attend the Inaugural Lecture of Prof Olusegun Olukayode Odukoya on Wed Feb 19,ham,ham,2.484036684036255
Direct to ur phone the popular OUR DAILY BREAD devotional!Strengthen ur walk with God and get deeper in the WORD. Subscribe now.sms ODB to 38299.Cost:N50 7days,spam,spam,2.4354710578918457
Thanks for your support. God bless.,ham,ham,2.3720335960388184
Happy birthday bro,ham,ham,2.383748769760132
Season Of Love. Spice Up Every Call this Christmas. For We wish u a Merry Xmas,spam,spam,2.4119136333465576
Dia has always bin alot of anger in me &loneliness weneva i tink of aw i was maltreated but ur care & guidance 2wards me change my feelings dat dia is stil u whose style of relationship is worth emulating. Thanks 4 being  there,ham,ham,2.4017248153686523
Here is my no 07XXXXXX805,ham,spam,2.3876376152038574
Trst 2day wnt well,ham,spam,2.401884078979492
Everyone has a voice deep inside; a voice that says,spam,ham,2.37766695022583
The most important things in life have been accomplished by people who kept on trying when there seemed to be no hope at all. Never give up!,spam,ham,2.4173452854156494
Sorry didn't hear u d oda tym..call me wen u done. Tkia,ham,spam,2.391059398651123
Blvd,ham,ham,2.382312774658203
Gud afternoon ma,ham,spam,2.443401575088501
M almost done where I am be on my way soon,ham,ham,2.3823556900024414
I to be ur friend,ham,spam,2.404184341430664
It's OK.  I understand,ham,ham,2.37813663482666
Its just meaningless to expect your partner to be of your kind because you cannot hold their right hand in your right to walk together.,spam,ham,2.410019636154175
Transfered 50k to your ECOBANK Account earlier today. It is part of the tithe from the sponsorship i was given 4my trip. God bless you & keep us in your prayers,ham,spam,2.4268016815185547
Our thoughts create our atmosphere. People who are soaked in the world have occasional noble thoughts.,spam,ham,2.3758327960968018
Recharge with N1000 this week(Mon to Sun) & get 50% extra airtime to call Airtel lines; Bonus is for 3days. For bonus bal,ham,spam,2.4208006858825684
access>>>MonthEnd BalName:ONYEKA ESENWAAcctNo:0060948144Balance:NGN4,spam,spam,2.4024760723114014
Welcome to BRAIN-WAVE easy Trivia.Answer three questions only and get instant MTN Airtime. To get started now N10/SMSText WAVE to 5032,spam,spam,2.3954355716705322
JOKE. Wife: If i knew u were this poor I wouldnt hav married u! Akpos: what do u think I meant when I said u were d only thing I have in this world?,spam,ham,2.394538402557373
Sp116username pw david pls is henry code don't wnt hm to knw,ham,spam,2.3902430534362793
Gud p.m. Oluwafolakemi. How's ur work today? Have a wonderful restful night. God bless u,ham,ham,2.3805482387542725
Free for 1 week,spam,spam,2.4010744094848633
Ju,ham,ham,2.3897011280059814
Dial *678# to subscribe to Airtel Mobile Newspaper alerts at N120 monthly . Stay up-to-date with breaking news,ham,spam,2.4426419734954834
Our past is a series of lessons that advance us to higher levels of living and loving. The relationships we entered or ended taught us necessary lessons,spam,ham,2.380525827407837
winners campus fellowship holds today  by 4pm @ dewort,ham,spam,2.392814874649048
Bible reference for fight of faith now pls,ham,spam,2.3939805030822754
Welcome to 100MB Mobile Data plan,spam,spam,2.4050939083099365
Believe in the rewards that await u,spam,spam,2.3884963989257812
U can call me now pls...ad 2 pick mum's call.I'm sorry,ham,spam,2.4062654972076416
"Y'ello ! Mr 2Kay is back with a BANG. Enjoy his latest hit song ""Moniegram ft Timaya""as your caller tune",spam,spam,2.3940255641937256
On my way to Ogba from Maryland ...can we see briefly? Be there in like 30mins,ham,ham,2.3886559009552
THE SEMI-FINALS ARE HERE! Get LIVE game updates & summary of Brazil's match today against Germany! Text SOCCER to 33118 @N50/Wk. Text STOP to 33111 to OptOut,spam,spam,2.4210381507873535
id:1570583615 sub:001 dlvrd:001 submit date:1511180008 done date:1511180008 stat:DELIVRD err:000 text:,ham,spam,2.416621208190918
Fire can be silent with water,ham,ham,2.4247384071350098
Last call was 51 sec at N0.00.Main Bal: N21.00.Bumpa Bal: N309.50. ALL IN 1 OFFER! Just recharge N500 and get 500MB Data plus N500 to call ALL,spam,spam,2.393242597579956
Failure is not when you dont reach your GOALS. It is when you dont have any goals to reach.,spam,ham,2.3576085567474365
Mammy said she called U .Have U slept?,ham,ham,2.380295515060425
Do not brood over your past mistakes and failures as this will only fill your mind with grief and regret. Just never repeat them in the future.,spam,ham,2.406226873397827
3XXXXXXX10 Ayandiran Bolanle k first bank,ham,spam,2.39508318901062
D birth of JESUS brngz JOY~GRACE~LUV in2 ds world:may djoy of dLord nva depart 4rm u,ham,spam,2.4083080291748047
Good health is the best investment you can make. Get 5 health and fitness tips FREE then N50/5days. Text SUB to 38777 at no cost!,spam,spam,2.4132301807403564
Goal update: Arsenal 1:0 Stoke City Arsenal score a goal through A. Ramsey! at 5.Dial *244# For More,spam,spam,2.4011411666870117
Congratulations on ur admission to Funaab.One tin dat brings First Class with ease is the effective use of past questions.Freshers Meal is a handy archive of all available and up to date past questions,ham,spam,2.405325174331665
Compliments.I'll not be home cos I'm in church for youth camp.I'll let you know when I'll be around.no offense. Take careFrom: OPSSON smartphone,ham,ham,2.3746094703674316
You have no more SMS on your SMS bundle,spam,spam,2.3913755416870117
you need help or information about the Ebola virus? Please call 08037879701/08037154575 or email ebolainfo@health.gov.ng (Federal Ministry of Health),spam,spam,2.4203097820281982
Happy new month.  Jesus loves you.,ham,ham,2.378934383392334
Guess wat bro? Aunty aishat just gave birth to a bouncin baby gal todae wich is 28th march nd 2morrow 29th march is also ur bofdae congratulationz,ham,spam,2.423891544342041
Yea I go arrange  am bro.  Thanks for your long patience.  You're bae(no homo),ham,ham,2.3760390281677246
AlertZAcct:200**001DT:8/1/2014:4:16 PMPOS Intl- WWW.ALIEXPRESS.COM - 2C8CDR Amt:283.76Br:Head OfficeBal:18,ham,spam,2.413248300552368
Medical: Gall stones can cause a right-sided tummy pain. Prevent this by cutting down on oily foods. Stop fried foods! Drink 8 to 10 glasses of water daily.,spam,ham,2.3824853897094727
Yello welcome to MTN please SAVE the setup information that will be sent shortly,spam,spam,2.4058010578155518
I'll call u wen its 12.30am with ma Mtn....don't sleep oo,ham,spam,2.3984124660491943
Ebola is spread through contact with blood,spam,ham,2.3742573261260986
Get 1 FREE Ring Back Tune for 30days. Text 10 to 251 for  Ghen Ghen Love by Yemi Alade or Text MORE to 251 for a list of more free tunes. Valid till April 30th,spam,spam,2.439023494720459
Acct: ******1736Amt: NGN18,ham,spam,2.392380475997925
"Yes!!! Anoda gr8 opotunity has cum 2wrk in His vineyard. We r 2prayafuli prepare 4a ministratn dt goes inline wit""D VESSEL OF LIGHT""as we luk forward 2welcum dose in mawuko on sunday(feb14). PLZ",ham,spam,2.4225668907165527
534,ham,spam,2.375948905944824
Get the latest hit Dorobucci by The Mavins crew on MTN Callertune! Text 030100 to 4100 to get it now. N50/tune.,spam,spam,2.399007797241211
I wish that you were here,spam,ham,2.3810532093048096
Happy children day.,ham,ham,2.374178886413574
Thrill your callers with your Favourite Football Club Ring Back Tune for FREE. Text CLUB to 251 for a list of football club tunes or text 10 to 251 for Man U,spam,spam,2.453043222427368
First bank acc;No: 30XXXXXX056Name: Salami AFUSAT,ham,spam,2.3817622661590576
A pessimist sees the difficulty in every opportunity; an optimist sees the opportunity in every difficulty. Even impossible,spam,ham,2.3845133781433105
Your account was credited with N100 and service charge of N10 deducted. N100 will be deducted upon your next recharge. Please repay by 05/Jul/2014,spam,spam,2.412456512451172
Oluwolepaul@gmail.com,ham,spam,2.3994193077087402
Beluvd,ham,spam,2.396145820617676
00XXXXXX10 GTB SAVINGSOLUBIYI AKINTUNDE C,ham,spam,2.393437147140503
Gudmorning,ham,ham,2.390048027038574
While waiting for P67,ham,spam,2.3957717418670654
Gudmornin Ay hw was us night pls i just wanted to ask u if u av given d engineer d phone pls cal my mtn no. Thank you.,ham,spam,2.4191994667053223
Get tunes in this Advent calender free for 7days326-Jolificate327-Merry litte christmas341-Happy holidaysTunes&Service N50 after,spam,spam,2.4116833209991455
Your account was credited with N100 and service charge of N10 deducted. N100 will be deducted upon your next recharge. Please repay by 30/Jul/2014,spam,spam,2.483306646347046
Happy Sunday to u ma,ham,ham,2.450465440750122
Miles may lie between us but we are never far apart. For love doesn't count the miles. It's measured by the heart. I love you. Sweet dreams,ham,ham,2.4167582988739014
Nigga whollup whollup...I just wan remind you not to forget the jacket o. In igbo... Shebapo,ham,spam,2.438399314880371
Txn Id R140614.2143.210022 to recharge 90 NGN from 7087214890 is successful. New balance is 90.22 NGN,ham,spam,2.4093611240386963
You have purchased a recharge of NGN 90.00 from NTS TECHNOLOGIES NTS. Transid AIR-1405786403-444,spam,spam,2.393275499343872
Good morning to u sir,ham,ham,2.37239146232605
Congratulations! 08123984798 is one of the few lucky who can access our exclusive Famous Quotes service! To get started call *585*4*1# now! N20/day.,spam,spam,2.427561044692993
Aldo i dnt knw wah i did 2u but wateva t may am xowi. av missed ur presnce in ma hrt n i wnt ma fwend bak. No 1can rplace ur place in my hrt.I care n stil luv u,ham,ham,2.4002676010131836
Cop: Didnt you hear my whistle,spam,spam,2.3894309997558594
thank u ma,ham,ham,2.3799054622650146
Dear owner of number 2347XXXXX11 – are you ready to WIN up to N4000?! Play Mind2Moni game and WIN prizes! Start here: http://tin.bz/bVjH6 Price: N20/day.,spam,spam,2.411933660507202
Lol. Forgive my troubles sir. Thanks sir,ham,ham,2.387265920639038
Yea I'll initiate the transfer,ham,spam,2.3954739570617676
Text me pls. I'm in church,ham,ham,2.386427164077759
M.D.W.U.I.U.BN...MEDOO..IN DEO'S SPARAMUS!!!,ham,spam,2.417872667312622
Stil on d way.,ham,ham,2.374016046524048
There are some people who live in a dream world,spam,ham,2.4035322666168213
OK...sir. Just entered his office now,ham,ham,2.401141405105591
Thanks alot ma,ham,ham,2.3908274173736572
Hmm I guess I shouldn't wait till I have what I really intend to send.  I'm going to transfer 2k now but u may not see it until tommorow cos its not instant,ham,spam,2.4389519691467285
"Interested in the latest gist. Enjoy 7 days free of ""iROKOtv""service. Text ""irokotv"" to 33300.Offer ends 11:59pm",spam,spam,2.4029452800750732
You will need to meet the lady that led Bible study at church yesterday to give her the office key. She would be at 5th opposite the bookshop. She should be there by abt 11:15am.,ham,ham,2.377347946166992
Sir my matric number is PG/13/0225communicationandGeneral studies.thank you sir,ham,ham,2.3934171199798584
FREE LIVEWELL TIPS! Health is wealth and with LiveWell tips,spam,spam,2.4110946655273438
I Am sorry to tell you this but it is the truth Am not ready for relationship and I don't think Am d right person for You Am telling u this bcos I don't want to hurt you Bye from Femi,ham,ham,2.399304151535034
Mr Ayoola 08XXXXXX17,ham,spam,2.3999202251434326
Good day.  Please note that your house rent expired on 31st Dec. 2013. Please ensure you pay immediately into the account below.  OLUWAGBENRO Thomas Olus,ham,spam,2.413895606994629
dell inspiron 11 3000,ham,spam,2.3866324424743652
Paulo pls pay in 30k into 1002226443 uba..... maa muti-ventures ltd,ham,spam,2.4696292877197266
Enjoy uninterrupted chatting and PINGing on BBM,spam,spam,2.4533493518829346
Don't let your account balance run LOW!!! Call 14120 for FREE to get your AIRTIME today...,ham,spam,2.4369630813598633
What do you do in a situation,spam,ham,2.4056084156036377
Am stil waiyx to see ur sallah outluk even though u dd nt request for anythx.,ham,spam,2.415771722793579
There is a letter and a cheque for you at Funaab . You can call me sir. It is with me.,ham,ham,2.391958475112915
Your opportunity to become PMP Certified is here. Register for your PMP Training today at Idea Konsult,ham,spam,2.4198720455169678
Do have a safe trip and may the Lord prosper your ways and surround you with favour everywhere you go. We're missing you already.,ham,ham,2.388153076171875
Usernane: ogungbilPasssord: yur7a9GK88You can access the control panel here: www.ogungbile.net/cpanel,ham,spam,2.3991923332214355
HE sees it from d begining just as HE'll see u tru 2014-A Victor.HE'll make all lines fall in pleasant places 4u.Happy New Year...Accept my best wishes in 2014.,ham,spam,2.4173431396484375
PUNCH NEWSWEDESDAY,spam,spam,2.445211410522461
Dial *662# on ur phone & follow d options,ham,spam,2.471184015274048
LIVE MATCH: World Cup Argentina vs Switzerland at Arena Corinthians. Kick-off at 01-07-2014 17:00.,spam,spam,2.433532953262329
"Isa Adio invited you to Facebook. Sign up today for free: http://fb.com/l/24rQyAY5juy27xn Reply ""stop"" to stop getting Facebook texts",spam,spam,2.438591241836548
From Begger take bus to Iyanaipaja. From Iyanaipaja take a bus to Iyanoba. From Iyanoba take  a bus going to Badagry & drop at Living Faith Church when u,ham,spam,2.4066169261932373
A Nigerian proverb says that: He who is afraid of doing too much always does too little.Reply PRO for Naija Proverbs at N50/wk,spam,spam,2.391993522644043
Happy new month you sir,ham,ham,2.3690686225891113
When an egg is broken with force from the outside,spam,ham,2.3950002193450928
Mrs Cold-catcher,ham,spam,2.415877103805542
When a person yields to selfish impulses,spam,ham,2.386388063430786
"Hv U picked up a Membership Card? Our 1st Meetn Session holds ds Sat. (15th) @ ""Peak Olam Suites""",ham,spam,2.411864757537842
Uwc dear,ham,spam,2.384854316711426
Just think! In the past,spam,ham,2.3985328674316406
Plz,ham,ham,2.3968372344970703
Welcome to MTN BlackBerry BBLITED. You have 10MB inclusive data bundle,spam,spam,2.4209742546081543
M,spam,ham,2.3814406394958496
Your Acct 3041207489 Has Been Debited with NGN500.00 On 05-MAR-2014 10:10:47 By ATM WITHDRAWAL-GTBank EBranch UNAAB/Ogun. Bal: NGN1,ham,spam,2.4284229278564453
"Thank you for using SMS Chat service. You have been successfully unsubscribed. You can re-join at anytime by sending ""1"" to 38490.",spam,spam,2.3903043270111084
AlertZAcct:200**001DT:7/30/2014:12:00 AMMC Int Web Prch-000000005291--WWW.ADR Amt:490.00Br:Sango OtaBal:2,ham,spam,2.417247772216797
Flat,spam,ham,2.36639404296875
Enjoy updates on global business,spam,spam,2.3998422622680664
Gud a.m dearie....pls hlp me bring ur 501note to skul and beep me wen u are in skul.takia,ham,spam,2.4048373699188232
Am in church already jere. Omo AGS not smilling,ham,ham,2.384805917739868
I may not get to see you as often as I like,ham,ham,2.388005256652832
Mrning.Pls note that Closure of school does not affect CSC 602 Project,ham,ham,2.410308599472046
GAME ON Latest & Exciting Unlimited mobile games to thrill your mind. Check the best collection. Click: http://games.glo.com,spam,spam,2.4145517349243164
An ordnary stone in David's hand had an xtra-ordnay efect on Goliath.May d ordnary tinz u do hens4th result 2 an extra-ordnary brk2rus.Success in ur xams,ham,spam,2.410658597946167
Your Acct 3041207489 Has Been Debited with NGN3,ham,spam,2.3937671184539795
Your MTN Smart Biz will expire on 20/Aug/2014 14:36 and will be automatically renewed. We hope you're enjoying it. Thank you!,spam,spam,2.404688835144043
Notice is hereby given 4 collectn of nominatn form into all elective positions of ASUU UNAAB. Obtain nominatn form@ d Secretariat & return same on/or before 13th March 2014 by 4pm. Contestants must ensure adherence to PHC declaration. Candidate who violate d declaration shall be disqualified.,ham,spam,2.4140942096710205
People who fasten themselves to small things deprive themselves of the bigger things in life.,spam,ham,2.3671536445617676
Yello ! Get the hottest release  “Go” by Tuface on MTN Callertunez. Reply 78 to 4100 to get it now at N5 valid for 30 days.,spam,spam,2.4122767448425293
He is only advancing in life,spam,ham,2.3766636848449707
8088667773,ham,spam,2.39514422416687
If we are in tune,spam,ham,2.38183856010437
"Well Done! 09092071782 you are among the special ones to win 7 FREE days of ""History Facts"" & then N100/week! Text OK to 7803 at no cost!",spam,spam,2.4551045894622803
We should be going on in 5 mins,ham,ham,2.369843006134033
"Today is Oladipupo Olawale Adisa's birthday. Reply to post on his Timeline or reply 1 to post ""Happy Birthday!"".",spam,spam,2.4128856658935547
Dear esteemed NCS member,ham,spam,2.3879830837249756
Beluvd! Ao z bn ur break?D mini campus interview has alredy kickd off. Blvd,ham,spam,2.4100990295410156
Dear MR ODULUSI,ham,spam,2.3967082500457764
Ok thank u God bless u big for.me,ham,spam,2.3869221210479736
Mrnin 2 u,ham,spam,2.399214029312134
Your Acct 3041207489 Has Been Debited with NGN10,ham,spam,2.4154605865478516
Back to Enugu.,ham,ham,2.360862970352173
Do you have a car? Did you know that you can keep it running like new. To know about your car,spam,spam,2.4274516105651855
Evening ma,ham,ham,2.3717119693756104
I'm n chm 231 class..:-) vvv tired.wasup wit u???HP u gud.God bless u,ham,ham,2.3997511863708496
Bode & Ikeade Maxwell.GTBank: 0046655614. Thank you,ham,spam,2.4171035289764404
You know what?  I'm coming today,ham,ham,2.3903138637542725
As u step in2 anoda year of ur life may u plant & reap favor,ham,spam,2.401503086090088
Like the stars were made to twinkle,ham,ham,2.3896114826202393
180.00NGN has been credited. Main Bal:N 182.30. Enjoy 9K/s on Bounce2Bounce,spam,spam,2.4129810333251953
If your inner self is not satisfied with you then you will never be able to satisfy the outer circle.,spam,ham,2.3842339515686035
JOKE. Teacher: Amaka,spam,spam,2.3962764739990234
Good evening guys. In May,ham,ham,2.3861372470855713
WE CARE FOR YOU 24 hours a day. You can reach our customer support by dialing 121,spam,spam,2.444897413253784
Thoburn no 13,ham,spam,2.3827359676361084
Tak a very gud kia of ursef,ham,spam,2.3986928462982178
Odulusi Gbenga Peter,ham,spam,2.399205446243286
Ma thank u very much ma.I am very grateful ma.thanks,ham,ham,2.3785905838012695
In d middle of something....I'll call u,ham,ham,2.403757095336914
Yello! You have used up your BB10 data plan but you will now continue enjoying data at N0.006835938 kobo/KB until the data plan expires on 2016-02-13,spam,spam,2.420703649520874
Acct: ******1736Amt: NGN90,ham,spam,2.392179489135742
Acct: ******1736Amt: NGN300.00 DrDesc: Airtime Purchase-USSD-101CT0000000000005663173¿USSDAvail Bal: NGN46,ham,spam,2.4125638008117676
Calvary grtns,ham,spam,2.381726026535034
Wat happened to him hope he is okay now,ham,ham,2.3851475715637207
Discover Twitter!Go to m.twitter.com/verge or reply FOLLOW VERGE for more Tweets. Reply DISCOVER OFF to stop. Terms: https://t.co/tos/s/7z2Y,spam,spam,2.419827699661255
Straight from cupid himself. Get 3 days FREE daily relationship health tips that would keep you both falling in love over and over with each other. Subscribe by sending RH to 4949,ham,spam,2.408707857131958
Remember to show your support and appreciation for the people who place their hope in you. These are the most important people in your life.,spam,ham,2.37168550491333
Pls text prof Ezeri asgmnt to me thks,ham,spam,2.4013822078704834
Sorry here is it 111952789827531 am sorry I travelled,ham,spam,2.4150350093841553
08XXXXXXX70  MRS OLUKEHINDE.VICE PRINCIPAL,ham,spam,2.3962788581848145
At Last!Our 1st meetn holds 2day by 1pm @Peak Olam Suites,ham,spam,2.397005081176758
Your Bumpa account has been credited with N2000.00 valid until 03/02/2016. To check bonus dial #122*2#,spam,spam,2.407698154449463
Catch the Football fever on Facebook without internet. Dial *510# and join Free quick Facebook now!,spam,spam,2.400277853012085
(08XXXXXX00) (08XXXXXX07) His name... Kojusola Tunde,ham,spam,2.395263433456421
Hi dear,ham,ham,2.365483522415161
Congratulations Phone Lord! Enjoy Rental Bonus of N50 for today. Bonus to be used for on-net calls and SMS till 9am today,spam,spam,2.4172744750976562
pls kindly change my address before uploading d paper Department of Electrical and Information Engineering,ham,spam,2.3968021869659424
Teamvier. Id: 531 812 529. Password: 8vx52q,spam,spam,2.410229206085205
Bosnia V Iran 5PM,spam,spam,2.3862719535827637
Am Sorry Don't Let me delay you. You call go home will call you when .done,ham,spam,2.392110824584961
venue. no 12 seriki aro abass street off osolo road 7/8 bus stop airport rd ajao estate.,ham,spam,2.409973621368408
Ref: 43052745203/07 14:46:42Amt: N1,ham,spam,2.409115791320801
Ramadhan has come and gone may Allah accept our fast and continue to instill the virtues of the blessed mth in us.Amin Happy id el fitri celebration,ham,ham,2.3788630962371826
Here is my no 07XXXXXX812,ham,spam,2.402808904647827
N200 was transferred to you from the 08068119076 on 18/07/14 16:51 via Share & Sell. Your new account balance is N200.09.,spam,spam,2.42108154296875
Morning Sir,ham,ham,2.366288661956787
See me 2morrow,ham,ham,2.390972137451172
Acct: ******7609Amt: NGN4,ham,spam,2.4243905544281006
Nigga Nwaoma called me. She want me to help her pick up an order so she's sending me cash for that. Tell her to gimme 3500 now on your behalf,ham,spam,2.410280466079712
In a soft voice wif a standin ovation,ham,spam,2.3920867443084717
lolx..disapointing?.. me too small 4 u?. or tu big?.or becos i ask 4 her d oda tym.. i just ask her nd ask her bcos i want u 2 knw ao i deal wif dos that i lov...or did u fink it is a sin? dn ask GOD about it..or did u fink it s tu early...remember it only comes but once. or u fink it is nt godly?PAIT!!.,ham,spam,2.4464149475097656
Mr paul hapi new year in advance,ham,spam,2.357916831970215
.•*¨`*•. ☆ .•*¨`*•.Wishing You the HAPPIEST Birthday Ever!!!✿•*¨`*•. (¯`v´¯) (¯`v´¯) .•*¨`*•✿. . . ✿•*¨`*•.¸(¯`v´¯)¸.•´*¨`*•✿ . . .…………… ….♥ •.¸.•´♥……………,ham,spam,2.42490816116333
80XXXXX526,ham,spam,2.37412166595459
Our prayr team & I wil like to PRAY WIT U 4 UNUSUAL TESTIMONY. Prepare 4 PROPHETIC SOLUTION on Sat 15 Jun. SHARE YR PRAYR POINTS wit us. Steve Akoni.08098009673,ham,spam,2.4190280437469482
Your FREE TOMORROW Balance has been used. To get DOUBLE FREE CREDIT TOMORROW,spam,spam,2.3738632202148438
2,spam,ham,2.369378089904785
08XXXXXX31. My Etisalat number. Please send 1Gb. You said its 950 right? Thanks you.,ham,spam,2.419677734375
Do ensure you subscribe to an MTN Data Bundle to avoid being charged out of bundle rates for browsing or for mobile app updates on your new smart phone. Visit www.mtnonline.com/tips for tips to help you avoid extra charges due to your smart phone.,spam,spam,2.4183125495910645
GOODDAY.MICT1 EXAMINATION STARTS EXACTLY 9AM. TODAY. PLEASE ENDEAVOUR TO ARRIVE BY 8AM FOR GROUP DISCUSSION AND SITTING ARRANGEMENT. WISHING U BEST OF LUCK,ham,spam,2.4039363861083984
Challenges are tough to those who never face them but easy to those who accept them. Accept every challenge with a smile and see it disappear!,spam,ham,2.4353978633880615
"Today is Okeyinka Yetunde's birthday. Reply to post on her Timeline or reply 1 to post ""Happy Birthday!"".",ham,spam,2.47239351272583
Today..in less than 2 hours,ham,spam,2.4229819774627686
EPL Is Here Again. Text Sport to 35241 For Sport News Update. Cost N100/30days,spam,spam,2.426270008087158
Goodevening sir,ham,ham,2.3729031085968018
Get 1 FREE Ring Back Tune for 30days. Text 2 to 251 for Aye by Davido or text MORE to 251 for a list of more free tunes. N50 activation fee appli<<Content not supported>>,spam,spam,2.4613113403320312
The thing still didn't work o.  Want to clean my atm with spirit then I'll try again after environmental,ham,ham,2.370222330093384
Double Your Recharge Promo is Back! Recharge N200 & above and get double to call all Networks in 9ja. Bonus is valid for 7 days,ham,spam,2.410531759262085
TEXT to 131   VIEW SELECT;CHANGE SELECT <destinationCode>;,spam,spam,2.397277355194092
Dear 08189440237! Get 5 FREE days of useful alerts,spam,spam,2.4030230045318604
Good night sir and have a nice dream,ham,ham,2.375598192214966
OK sir,ham,ham,2.3733415603637695
Gud pm ma,ham,spam,2.4384851455688477
Your favourite BlackBerry Monthly Bundle is still available at N1,ham,spam,2.395341396331787
Low credit ?  No Wahala ! simply Dial *321#¿ to borrow.,spam,spam,2.408418893814087
Loose belly fat in 7days! Send DIET to 38261 to subscribe for daily tips at N10 only.,spam,spam,2.3930022716522217
Hi,ham,ham,2.3704934120178223
Get Free Advice On HIV & Related Health Issues,spam,spam,2.4206855297088623
2347067581558 has just tried to reach you by the Call Sponsor on 13/02/14 at 04:33.,spam,spam,2.4121060371398926
I'm in school till 5pm o,ham,ham,2.378783941268921
Champions know there are no shortcuts to the top. They climb the mountain one step at a time. Perseverance is the key!,spam,ham,2.3891875743865967
CONGRATS! U ve been selected 4 a Writen Test/Interview in a HR/Health Org. 2MRW Friday 28/02/2014. Venue DANAX PLAZA ADAMASINGBA B/STOP,ham,spam,2.433589220046997
Glo Backup,spam,spam,2.380315065383911
Ayandiran bolanle khadijat(09/0787),ham,spam,2.387206792831421
Email: Oluwolepaul@gmail.com.  The domain I want to transfer to star host is www.alientechltd.us,ham,spam,2.4122653007507324
Tak a cab goin to iyana mortuary,ham,spam,2.4050540924072266
If your daily life seems poor,spam,spam,2.4559884071350098
RAMADAN THE MONTH OF FORGIVENESS AND BONANZA.For Ramadan Daily Prayer Guide. Text Ramadan to 35242.cost N100 /Ramadan Period.Content delivery starts next day,spam,spam,2.4584052562713623
Hey beloved,ham,ham,2.413036823272705
N350 was transferred to you from 081XXXXXX71 on 03/08/14 12:14 via Share & Sell. Your new account balance is N371.6.,spam,spam,2.4500346183776855
If you want happiness in your life then never be a beggar of love,spam,ham,2.3881266117095947
ATTN:MEMBERS OF ASUU-UNAAB COOPERATIVE.Kindly attend the 9th AGM of ASUU-UNAAAB Cooperative on Wed June 25,ham,spam,2.43918776512146
Bakare sulaimoon gbolahan...0907it00804,ham,spam,2.381344795227051
Gtbank 01XXXXXX09 Oluwole Paul,ham,spam,2.392470598220825
Please call me. Y.ello,ham,spam,2.3886947631835938
Thanks so much for always been there for me,ham,ham,2.391754150390625
70XXXXXX51,ham,spam,2.4233009815216064
Looking for a new job? A good CV should be short/relevant; no more than 3pages.For more Job tips from Phillips Consulting,spam,spam,2.399510145187378
Eunice(08XXXXXX25),ham,spam,2.398552417755127
You transferred N100.00 to 23481XXXXXX02. Your new account balance is N75.49. Thanks for using share n sell service.,ham,spam,2.396407127380371
Your relationship can be a beacon of hope to the outside world as you show devotion,spam,ham,2.388415575027466
Dear TOSIN,ham,ham,2.38472580909729
It's Officially noted dat 20014 is in and seated with us.it brings all good life packages.Happy New year,ham,spam,2.4356367588043213
Your FREE trial of GENERALNEWS ends today.To continue enjoying the service,spam,spam,2.399869203567505
hbd kenny many more yrs in good health and sucess sorry its cumij late tak care,ham,spam,2.3953053951263428
I am going hom,ham,ham,2.3800253868103027
But oby should know sha,ham,ham,2.3945083618164062
Where re u?,ham,ham,2.4035749435424805
Enjoy FREE CALLS this season! Call ALL Networks & Browse the internet Today! Get  N750 when you pay N250. Valid for 3 days. dial *142# NOW!,spam,spam,2.4146807193756104
Participate in the Canada International Business Conference Toronto june 12-13 2014,ham,spam,2.395960569381714
get all the ogbonge football gist and live scores from una favorite clubs dem. Text PIDGIN to 38400,spam,spam,2.408358335494995
kindnes is a language which d dumb cn spik n d deaf cn undastnd. 10ks 4 d card. God bless U n ur plans dis mnth. Ds s ur mnth of testimony. Thanks so much more.,ham,spam,2.4104366302490234
ME NT COM4TABLE WITHOUT U COLECTIN D RECEIT OR BEANX...pls reply me..,ham,spam,2.4546451568603516
You transferred N200 to 081XXXXX992 on 30/07/14 16:42. Your new account balance is N206.09. Thanks for using Share & Sell.,spam,spam,2.479111909866333
MTN Backup,spam,spam,2.427633762359619
21XXXXX18,ham,spam,2.397578239440918
Are you searching for LOVE or in LOVE and you don't know how to keep it? Text DL to 30327 for LOVE ADVICE. Service cost N20/day. Powered by Etisalat,spam,spam,2.4195830821990967
Hw much do u tink s4 wud be nw in d market,ham,spam,2.398725986480713
As part of d preparatn towrds d success of dis yr TLC,ham,spam,2.3945960998535156
STOP,spam,spam,2.3943755626678467
7.26E+11,ham,spam,2.393491506576538
May  Everything Happy And Everything Bright Be Yours On Your Birthday From Morning Till Night. And Then Through The Year May The Same Thing Hold True So That Each Day Is Filled With Life’s Best Things For You!HAPI B'DAY,ham,spam,2.4177699089050293
Gd am Sir/Ma,ham,ham,2.3751275539398193
Scared of Job interviews? No More Worries! Get that DREAM JOB today with daily INTERVIEW TIPS. Simply Text INT to 38080 @ N50 for 5days & enjoy first 2days FREE,spam,spam,2.40631103515625
08XXXXXX59,ham,spam,2.3976104259490967
Yes I just got back ooooh,ham,ham,2.378322124481201
Does your number end in 5?TODAY 27/07you're chosen to participate for the 'Nigeria Centenary 100 Million Naira Mega Jackpot'!Send WIN to 35777!N100/SMS,spam,spam,2.441547155380249
Stop,spam,ham,2.3653550148010254
Internet,spam,ham,2.374189615249634
When I first saw you,ham,ham,2.422687292098999
Coke Studio Africa rounds up this Sunday at 6pm on AIT. Catch up on all the fun with 2Face,ham,spam,2.415731191635132
